,name,image,price,category,car
0,ロケットバニー パンデム フロントバンパー for S13 240SX,https://motorz-garage.com/materials/goods_parts/7/6/7/767157/767157.jpg,"52,800円","外装
フロントバンパー",S13 240SX
1,リンエイ Husky リアフロアマットセット ブラック for チェロキー XJ,https://motorz-garage.com/materials/goods_parts/7/6/7/767156/eyecatch.jpg,"21,780円","内装
フロアマット(本体)",JEEP CHEROKEE XJ
2,"リンエイ Husky リアフロアマットセット ブラック for グランドチェロキー ZJ
…",https://motorz-garage.com/materials/goods_parts/7/6/7/767155/eyecatch.jpg,"21,780円","内装
フロアマット(本体)",JEEP GRAND CHEROKEE ZJ/ZG
3,"リンエイ Husky リアフロアマットセット ブラック for グランドチェロキー WJ
…",https://motorz-garage.com/materials/goods_parts/7/6/7/767154/eyecatch.jpg,"21,780円","内装
フロアマット(本体)",JEEP GRAND CHEROKEE WJ/WG
4,"リンエイ Husky リアフロアマットセット ブラック for ラングラーアンリミテッド JK
…",https://motorz-garage.com/materials/goods_parts/7/6/7/767153/eyecatch.jpg,"21,780円","内装
フロアマット(本体)",JEEP WRANGLER JK UNLIMITED
5,リンエイ Husky リアフロアマットセット ブラック for ラングラー JK,https://motorz-garage.com/materials/goods_parts/7/6/7/767152/eyecatch.jpg,"21,780円","内装
フロアマット(本体)",JEEP WRANGLER JK
6,リンエイ Husky リアフロアマットセット ブラック for ラングラー TJ,https://motorz-garage.com/materials/goods_parts/7/6/7/767151/eyecatch.jpg,"21,780円","内装
フロアマット(本体)",JEEP WRANGLER TJ
7,リンエイ Husky リアフロアマットセット ブラック for ラングラー YJ,https://motorz-garage.com/materials/goods_parts/7/6/7/767150/eyecatch.jpg,"21,780円","内装
フロアマット(本体)",JEEP WRANGLER YJ
8,リンエイ Husky リアマッドガード for ラングラーアンリミテッド JK,https://motorz-garage.com/materials/goods_parts/7/6/7/767149/eyecatch.jpg,"9,680円","外装
マッドガード",JEEP WRANGLER JK UNLIMITED
9,リンエイ Husky リアマッドガード for ラングラー JK,https://motorz-garage.com/materials/goods_parts/7/6/7/767148/eyecatch.jpg,"9,680円","外装
マッドガード",JEEP WRANGLER JK
10,"リンエイ Husky フロントマッドガード for ラングラーアンリミテッド JK
…",https://motorz-garage.com/materials/goods_parts/7/6/7/767147/eyecatch.jpg,"9,680円","外装
マッドガード",JEEP WRANGLER JK UNLIMITED
11,リンエイ Husky フロントマッドガード for ラングラー JK,https://motorz-garage.com/materials/goods_parts/7/6/7/767146/eyecatch.jpg,"9,680円","外装
マッドガード",JEEP WRANGLER JK
12,リンエイ FRPボンネット for ラングラーアンリミテッド JK,https://motorz-garage.com/assets/img/common/no_image.png,"102,740円","外装
ボンネット",JEEP WRANGLER JK UNLIMITED
13,リンエイ Draw Tite レシーバーヒッチ for ラングラー JK,https://motorz-garage.com/assets/img/common/no_image.png,"32,780円","ボディー/シャシー
ヒッチメンバー",JEEP WRANGLER JK
14,"リンエイ DRAKE OFFROAD ドアハンドル インサート タイヤトレッド for ラングラーアンリミテッド JK
…",https://motorz-garage.com/assets/img/common/no_image.png,"14,850円","外装
ドアハンドルカバー",JEEP WRANGLER JK UNLIMITED
15,"リンエイ ARB コンペティションデフカバー for ラングラー アンリミテッド JK
…",https://motorz-garage.com/assets/img/common/no_image.png,"34,100円","駆動系
デフカバー",JEEP WRANGLER JK UNLIMITED
16,"SILK ROAD オリジナル フロアマット【タフラグ】(ラバータイプ/速乾タイプ) for PG6SA AZ-1
…",https://motorz-garage.com/assets/img/common/no_image.png,"8,140円","内装
フロアマット(本体)",PG6SA AZ-1
17,"SILK ROAD オリジナル フロアマット【タフラグ】(ラバータイプ/速乾タイプ) for MJ23S AZ-ワゴン
…",https://motorz-garage.com/assets/img/common/no_image.png,"12,100円","内装
フロアマット(本体)",MJ23S AZ-ワゴン
18,"SILK ROAD オリジナル フロアマット【タフラグ】(ラバータイプ/速乾タイプ) for MJ21S/22S AZ-ワゴン
…",https://motorz-garage.com/assets/img/common/no_image.png,"12,100円","内装
フロアマット(本体)",MJ21S/22S AZ-ワゴン
19,"SILK ROAD オリジナル リアラゲッジマット【タフラグ】(ラバータイプ/速乾タイプ) for MD AZ-ワゴン 後期
…",https://motorz-garage.com/assets/img/common/no_image.png,"7,040円","内装
ラゲッジマット",MD AZ-ワゴン
20,"SILK ROAD オリジナル フロアマット【タフラグ】(ラバータイプ/速乾タイプ) for MD AZ-ワゴン 後期
…",https://motorz-garage.com/assets/img/common/no_image.png,"12,100円","内装
フロアマット(本体)",MD AZ-ワゴン
21,"SILK ROAD オリジナル リアラゲッジマット【タフラグ】(ラバータイプ/速乾タイプ) for MD AZ-ワゴン 前期
…",https://motorz-garage.com/assets/img/common/no_image.png,"7,040円","内装
ラゲッジマット",MD AZ-ワゴン
22,"SILK ROAD オリジナル フロアマット【タフラグ】(ラバータイプ/速乾タイプ) for MD AZ-ワゴン 前期
…",https://motorz-garage.com/assets/img/common/no_image.png,"12,100円","内装
フロアマット(本体)",MD AZ-ワゴン
23,"SILK ROAD オリジナル フロアマット【タフラグ】(ラバータイプ/速乾タイプ) for CY AZ-ワゴン
…",https://motorz-garage.com/assets/img/common/no_image.png,"12,100円","内装
フロアマット(本体)",CY/CZ AZ-ワゴン
24,"SILK ROAD オリジナル フロアマット【タフラグ】(ラバータイプ/速乾タイプ) for SE3P RX-8
…",https://motorz-garage.com/assets/img/common/no_image.png,"13,200円","内装
フロアマット(本体)",SE3P RX-8
25,"SILK ROAD オリジナル ラゲッジマット【タフラグ】(ラバータイプ/速乾タイプ) for FD3S RX-7
…",https://motorz-garage.com/assets/img/common/no_image.png,"9,900円","内装
ラゲッジマット",FD3S RX-7
26,"SILK ROAD オリジナル フロアマット【タフラグ】(ラバータイプ/速乾タイプ) for FD3S RX-7
…",https://motorz-garage.com/assets/img/common/no_image.png,"13,200円","内装
フロアマット(本体)",FD3S RX-7
27,"SILK ROAD オリジナル リアラゲッジマット【タフラグ】(ラバータイプ/速乾タイプ) for FC3S RX-7
…",https://motorz-garage.com/assets/img/common/no_image.png,"9,020円","内装
ラゲッジマット",FC3S RX-7
28,"SILK ROAD オリジナル フロアマット【タフラグ】(ラバータイプ/速乾タイプ) for FC3S RX-7
…",https://motorz-garage.com/assets/img/common/no_image.png,"13,200円","内装
フロアマット(本体)",FC3S RX-7
29,"SILK ROAD オリジナル リアラゲッジマット【タフラグ】(ラバータイプ/速乾タイプ) for GJ アテンザワゴン
…",https://motorz-garage.com/assets/img/common/no_image.png,"9,900円","内装
ラゲッジマット",GJ アテンザワゴン
30,"SILK ROAD オリジナル フロアマット【タフラグ】(ラバータイプ/速乾タイプ) for GJ アテンザワゴン 4WD
…",https://motorz-garage.com/assets/img/common/no_image.png,"13,200円","内装
フロアマット(本体)",GJ アテンザワゴン
31,"SILK ROAD オリジナル フロアマット【タフラグ】(ラバータイプ/速乾タイプ) for GJ アテンザワゴン 2WD
…",https://motorz-garage.com/assets/img/common/no_image.png,"13,200円","内装
フロアマット(本体)",GJ アテンザワゴン
32,"SILK ROAD オリジナル フロアマット【タフラグ】(ラバータイプ/速乾タイプ) for GJ アテンザ 4WD
…",https://motorz-garage.com/assets/img/common/no_image.png,"13,200円","内装
フロアマット(本体)",GJ アテンザ
33,"SILK ROAD オリジナル フロアマット【タフラグ】(ラバータイプ/速乾タイプ) for GJ アテンザ 2WD
…",https://motorz-garage.com/assets/img/common/no_image.png,"13,200円","内装
フロアマット(本体)",GJ アテンザ
34,"SILK ROAD オリジナル フロアマット【タフラグ】(ラバータイプ/速乾タイプ) for GH アテンザ 4WD
…",https://motorz-garage.com/assets/img/common/no_image.png,"13,200円","内装
フロアマット(本体)",GH アテンザ
35,"SILK ROAD オリジナル フロアマット【タフラグ】(ラバータイプ/速乾タイプ) for GH アテンザ 2WD
…",https://motorz-garage.com/assets/img/common/no_image.png,"13,200円","内装
フロアマット(本体)",GH アテンザ
